name-1,name-2,class
5_Fluorouracil,4-(METHOXYCARBONYL)PHENYLBORONIC ACID,0
5_Fluorouracil,Alizarin_Red_S,0
5_Fluorouracil,Allura Red AC,0
5_Fluorouracil,Ampicillin,1
5_Fluorouracil,Betaine,1
5_Fluorouracil,BETANIN,1
5_Fluorouracil,Brilliant_blue_G,1
5_Fluorouracil,Caffeic acid,1
5_Fluorouracil,Capecitabine,1
5_Fluorouracil,Carmin,1
5_Fluorouracil,Chlorogenic acid,1
5_Fluorouracil,Citric_acid,0
5_Fluorouracil,Congo_red,0
5_Fluorouracil,D_glucose,1
5_Fluorouracil,D(-)-Tartaric acid,1
5_Fluorouracil,Dopamine hydrochloride,1
5_Fluorouracil,EGCG,1
5_Fluorouracil,Gallic_acid,1
5_Fluorouracil,Glutathione,0
5_Fluorouracil,Glycerol,1
5_Fluorouracil,Glycyrrhizic_acid,0
5_Fluorouracil,L_Ascorbic_acid,1
5_Fluorouracil,L_Leucine,1
5_Fluorouracil,Lamivudine,1
5_Fluorouracil,Meglumine,1
5_Fluorouracil,Metformin hydrochloride,1
5_Fluorouracil,Naproxen_sodium,0
5_Fluorouracil,Nicotinic_acid,0
5_Fluorouracil,Potassium_sorbate,0
5_Fluorouracil,Procyanidin,0
5_Fluorouracil,SAFFLOWER YELLOW,1
5_Fluorouracil,Salidroside,0
5_Fluorouracil,Sorbitol,1
5_Fluorouracil,Sucrose,0
5_Fluorouracil,Tannic_acid,1
5_Fluorouracil,Tartrazine,1
5_Fluorouracil,Taurine,1
5_Fluorouracil,Triethyl_citrate,1
5_Fluorouracil,Vanillin,1
5_Fluorouracil,Xylitol,1
Aprepitant,4-(METHOXYCARBONYL)PHENYLBORONIC ACID,0
Aprepitant,Alizarin_Red_S,1
Aprepitant,Allura Red AC,0
Aprepitant,Ampicillin,0
Aprepitant,Betaine,0
Aprepitant,BETANIN,0
Aprepitant,Brilliant_blue_G,1
Aprepitant,Caffeic acid,0
Aprepitant,Capecitabine,0
Aprepitant,Carmin,0
Aprepitant,Chlorogenic acid,0
Aprepitant,Citric_acid,0
Aprepitant,Congo_red,0
Aprepitant,D_glucose,0
Aprepitant,D(-)-Tartaric acid,0
Aprepitant,Dopamine hydrochloride,0
Aprepitant,EGCG,0
Aprepitant,Evans_Blue,0
Aprepitant,Gallic_acid,1
Aprepitant,Glutathione,0
Aprepitant,Glycerol,0
Aprepitant,Glycyrrhizic_acid,1
Aprepitant,L_Ascorbic_acid,1
Aprepitant,L_Leucine,0
Aprepitant,Lamivudine,0
Aprepitant,Meglumine,0
Aprepitant,Metformin hydrochloride,0
Aprepitant,Methylene_Blue_trihydrate,0
Aprepitant,Naproxen_sodium,0
Aprepitant,Nicotinic_acid,1
Aprepitant,Potassium_sorbate,0
Aprepitant,Procyanidin,1
Aprepitant,SAFFLOWER YELLOW,0
Aprepitant,Salidroside,0
Aprepitant,Sorbitol,0
Aprepitant,Sucrose,0
Aprepitant,Tannic_acid,0
Aprepitant,Tartrazine,0
Aprepitant,Taurine,0
Aprepitant,Triethyl_citrate,0
Aprepitant,Vanillin,0
Aprepitant,Xylitol,0
Artesunate,4-(METHOXYCARBONYL)PHENYLBORONIC ACID,1
Artesunate,Alizarin_Red_S,1
Artesunate,Allura Red AC,0
Artesunate,Ampicillin,1
Artesunate,Betaine,1
Artesunate,BETANIN,1
Artesunate,Brilliant_blue_G,1
Artesunate,Caffeic acid,0
Artesunate,Capecitabine,1
Artesunate,Carmin,0
Artesunate,Chlorogenic acid,0
Artesunate,Citric_acid,1
Artesunate,Congo_red,1
Artesunate,D_glucose,1
Artesunate,D(-)-Tartaric acid,1
Artesunate,Dopamine hydrochloride,1
Artesunate,EGCG,1
Artesunate,Evans_Blue,1
Artesunate,Gallic_acid,1
Artesunate,Glutathione,1
Artesunate,Glycerol,1
Artesunate,Glycyrrhizic_acid,0
Artesunate,L_Ascorbic_acid,1
Artesunate,L_Leucine,1
Artesunate,Lamivudine,0
Artesunate,Meglumine,0
Artesunate,Metformin hydrochloride,1
Artesunate,Naproxen_sodium,0
Artesunate,Nicotinic_acid,1
Artesunate,Potassium_sorbate,0
Artesunate,Procyanidin,0
Artesunate,SAFFLOWER YELLOW,1
Artesunate,Salidroside,1
Artesunate,Sorbitol,1
Artesunate,Sucrose,0
Artesunate,Tannic_acid,0
Artesunate,Tartrazine,1
Artesunate,Taurine,1
Artesunate,Triethyl_citrate,1
Artesunate,Vanillin,0
Artesunate,Xylitol,0
Berberine,4-(METHOXYCARBONYL)PHENYLBORONIC ACID,0
Berberine,Alizarin_Red_S,0
Berberine,Allura Red AC,1
Berberine,Ampicillin,0
Berberine,Betaine,0
Berberine,BETANIN,0
Berberine,Brilliant_blue_G,1
Berberine,Caffeic acid,0
Berberine,Capecitabine,1
Berberine,Carmin,1
Berberine,Chlorogenic acid,0
Berberine,Citric_acid,0
Berberine,Congo_red,0
Berberine,D_glucose,0
Berberine,D(-)-Tartaric acid,0
Berberine,Dopamine hydrochloride,0
Berberine,EGCG,1
Berberine,Gallic_acid,0
Berberine,Glutathione,0
Berberine,Glycerol,0
Berberine,Glycyrrhizic_acid,0
Berberine,L_Ascorbic_acid,0
Berberine,L_Leucine,0
Berberine,Lamivudine,0
Berberine,Meglumine,1
Berberine,Metformin hydrochloride,0
Berberine,Naproxen_sodium,0
Berberine,Nicotinic_acid,0
Berberine,Potassium_sorbate,0
Berberine,Procyanidin,1
Berberine,SAFFLOWER YELLOW,0
Berberine,Salidroside,0
Berberine,Sorbitol,0
Berberine,Sucrose,0
Berberine,Tannic_acid,1
Berberine,Tartrazine,0
Berberine,Taurine,0
Berberine,Triethyl_citrate,0
Berberine,Vanillin,0
Berberine,Xylitol,0
Beta_carotene,4-(METHOXYCARBONYL)PHENYLBORONIC ACID,0
Beta_carotene,Alizarin_Red_S,0
Beta_carotene,Allura Red AC,0
Beta_carotene,Ampicillin,0
Beta_carotene,Betaine,0
Beta_carotene,BETANIN,0
Beta_carotene,Brilliant_blue_G,0
Beta_carotene,Caffeic acid,0
Beta_carotene,Capecitabine,0
Beta_carotene,Carmin,0
Beta_carotene,Chlorogenic acid,0
Beta_carotene,Citric_acid,0
Beta_carotene,Congo_red,0
Beta_carotene,D_glucose,0
Beta_carotene,D(-)-Tartaric acid,0
Beta_carotene,Dopamine hydrochloride,0
Beta_carotene,EGCG,0
Beta_carotene,Evans_Blue,0
Beta_carotene,Gallic_acid,0
Beta_carotene,Glutathione,0
Beta_carotene,Glycerol,0
Beta_carotene,Glycyrrhizic_acid,0
Beta_carotene,L_Ascorbic_acid,0
Beta_carotene,L_Leucine,0
Beta_carotene,Lamivudine,0
Beta_carotene,Meglumine,0
Beta_carotene,Metformin hydrochloride,0
Beta_carotene,Methylene_Blue_trihydrate,0
Beta_carotene,Naproxen_sodium,0
Beta_carotene,Nicotinic_acid,0
Beta_carotene,Potassium_sorbate,0
Beta_carotene,Procyanidin,0
Beta_carotene,SAFFLOWER YELLOW,0
Beta_carotene,Salidroside,0
Beta_carotene,Sorbitol,0
Beta_carotene,Sucrose,0
Beta_carotene,Tannic_acid,0
Beta_carotene,Tartrazine,0
Beta_carotene,Taurine,0
Beta_carotene,Triethyl_citrate,0
Beta_carotene,Vanillin,0
Beta_carotene,Xylitol,0
Baicalein,4-(METHOXYCARBONYL)PHENYLBORONIC ACID,0
Baicalein,Alizarin_Red_S,1
Baicalein,Allura Red AC,0
Baicalein,Ampicillin,0
Baicalein,Betaine,0
Baicalein,BETANIN,0
Baicalein,Brilliant_blue_G,1
Baicalein,Caffeic acid,0
Baicalein,Capecitabine,0
Baicalein,Carmin,0
Baicalein,Chlorogenic acid,0
Baicalein,Citric_acid,0
Baicalein,Congo_red,1
Baicalein,D_glucose,0
Baicalein,D(-)-Tartaric acid,0
Baicalein,Dopamine hydrochloride,0
Baicalein,EGCG,0
Baicalein,Evans_Blue,1
Baicalein,Gallic_acid,0
Baicalein,Glutathione,0
Baicalein,Glycerol,0
Baicalein,Glycyrrhizic_acid,1
Baicalein,L_Ascorbic_acid,0
Baicalein,L_Leucine,0
Baicalein,Lamivudine,0
Baicalein,Meglumine,1
Baicalein,Metformin hydrochloride,0
Baicalein,Methylene_Blue_trihydrate,0
Baicalein,Naproxen_sodium,0
Baicalein,Nicotinic_acid,0
Baicalein,Potassium_sorbate,0
Baicalein,Procyanidin,1
Baicalein,SAFFLOWER YELLOW,0
Baicalein,Salidroside,0
Baicalein,Sorbitol,0
Baicalein,Sucrose,0
Baicalein,Tannic_acid,0
Baicalein,Tartrazine,0
Baicalein,Taurine,0
Baicalein,Triethyl_citrate,0
Baicalein,Vanillin,0
Baicalein,Xylitol,0
Baicalin,4-(METHOXYCARBONYL)PHENYLBORONIC ACID,0
Baicalin,Alizarin_Red_S,0
Baicalin,Allura Red AC,1
Baicalin,Ampicillin,0
Baicalin,Betaine,0
Baicalin,BETANIN,1
Baicalin,Brilliant_blue_G,1
Baicalin,Caffeic acid,0
Baicalin,Capecitabine,1
Baicalin,Carmin,0
Baicalin,Chlorogenic acid,0
Baicalin,Citric_acid,0
Baicalin,Congo_red,1
Baicalin,D_glucose,1
Baicalin,D(-)-Tartaric acid,0
Baicalin,Dopamine hydrochloride,0
Baicalin,EGCG,1
Baicalin,Evans_Blue,1
Baicalin,Gallic_acid,1
Baicalin,Glutathione,0
Baicalin,Glycerol,0
Baicalin,Glycyrrhizic_acid,0
Baicalin,L_Ascorbic_acid,1
Baicalin,L_Leucine,1
Baicalin,Lamivudine,0
Baicalin,Meglumine,0
Baicalin,Metformin hydrochloride,0
Baicalin,Methylene_Blue_trihydrate,0
Baicalin,Naproxen_sodium,0
Baicalin,Nicotinic_acid,1
Baicalin,Potassium_sorbate,0
Baicalin,Procyanidin,0
Baicalin,SAFFLOWER YELLOW,1
Baicalin,Salidroside,1
Baicalin,Sorbitol,0
Baicalin,Sucrose,0
Baicalin,Tannic_acid,1
Baicalin,Tartrazine,0
Baicalin,Taurine,0
Baicalin,Triethyl_citrate,0
Baicalin,Vanillin,0
Baicalin,Xylitol,0
Budesonide,4-(METHOXYCARBONYL)PHENYLBORONIC ACID,1
Budesonide,Alizarin_Red_S,1
Budesonide,Allura Red AC,1
Budesonide,Ampicillin,1
Budesonide,Betaine,1
Budesonide,BETANIN,1
Budesonide,Brilliant_blue_G,1
Budesonide,Caffeic acid,1
Budesonide,Capecitabine,1
Budesonide,Carmin,1
Budesonide,Chlorogenic acid,1
Budesonide,Citric_acid,0
Budesonide,Congo_red,1
Budesonide,D_glucose,1
Budesonide,D(-)-Tartaric acid,0
Budesonide,Dopamine hydrochloride,0
Budesonide,EGCG,1
Budesonide,Evans_Blue,1
Budesonide,Gallic_acid,1
Budesonide,Glutathione,0
Budesonide,Glycerol,1
Budesonide,Glycyrrhizic_acid,0
Budesonide,L_Ascorbic_acid,1
Budesonide,L_Leucine,1
Budesonide,Lamivudine,1
Budesonide,Meglumine,1
Budesonide,Metformin hydrochloride,0
Budesonide,Naproxen_sodium,1
Budesonide,Nicotinic_acid,1
Budesonide,Potassium_sorbate,0
Budesonide,Procyanidin,0
Budesonide,SAFFLOWER YELLOW,1
Budesonide,Salidroside,1
Budesonide,Sorbitol,1
Budesonide,Sucrose,1
Budesonide,Tannic_acid,0
Budesonide,Tartrazine,1
Budesonide,Taurine,1
Budesonide,Triethyl_citrate,0
Budesonide,Vanillin,0
Budesonide,Xylitol,1
Cholic_acid,4-(METHOXYCARBONYL)PHENYLBORONIC ACID,1
Cholic_acid,Alizarin_Red_S,0
Cholic_acid,Allura Red AC,0
Cholic_acid,Ampicillin,0
Cholic_acid,Betaine,1
Cholic_acid,BETANIN,1
Cholic_acid,Brilliant_blue_G,1
Cholic_acid,Caffeic acid,1
Cholic_acid,Capecitabine,1
Cholic_acid,Carmin,0
Cholic_acid,Chlorogenic acid,1
Cholic_acid,Citric_acid,0
Cholic_acid,Congo_red,1
Cholic_acid,D_glucose,0
Cholic_acid,D(-)-Tartaric acid,0
Cholic_acid,Dopamine hydrochloride,0
Cholic_acid,EGCG,1
Cholic_acid,Evans_Blue,1
Cholic_acid,Gallic_acid,1
Cholic_acid,Glutathione,1
Cholic_acid,Glycerol,0
Cholic_acid,Glycyrrhizic_acid,0
Cholic_acid,L_Ascorbic_acid,1
Cholic_acid,L_Leucine,1
Cholic_acid,Lamivudine,0
Cholic_acid,Meglumine,1
Cholic_acid,Metformin hydrochloride,0
Cholic_acid,Naproxen_sodium,0
Cholic_acid,Nicotinic_acid,1
Cholic_acid,Potassium_sorbate,0
Cholic_acid,Procyanidin,1
Cholic_acid,SAFFLOWER YELLOW,1
Cholic_acid,Salidroside,1
Cholic_acid,Sorbitol,0
Cholic_acid,Sucrose,0
Cholic_acid,Tannic_acid,0
Cholic_acid,Tartrazine,0
Cholic_acid,Taurine,0
Cholic_acid,Triethyl_citrate,0
Cholic_acid,Vanillin,0
Cholic_acid,Xylitol,1
Candesartan_cilexetil,4-(METHOXYCARBONYL)PHENYLBORONIC ACID,0
Candesartan_cilexetil,Alizarin_Red_S,0
Candesartan_cilexetil,Allura Red AC,0
Candesartan_cilexetil,Ampicillin,0
Candesartan_cilexetil,Betaine,0
Candesartan_cilexetil,BETANIN,0
Candesartan_cilexetil,Brilliant_blue_G,0
Candesartan_cilexetil,Caffeic acid,0
Candesartan_cilexetil,Capecitabine,0
Candesartan_cilexetil,Carmin,0
Candesartan_cilexetil,Chlorogenic acid,0
Candesartan_cilexetil,Citric_acid,0
Candesartan_cilexetil,Congo_red,1
Candesartan_cilexetil,D_glucose,0
Candesartan_cilexetil,D(-)-Tartaric acid,0
Candesartan_cilexetil,Dopamine hydrochloride,0
Candesartan_cilexetil,EGCG,0
Candesartan_cilexetil,Evans_Blue,0
Candesartan_cilexetil,Gallic_acid,0
Candesartan_cilexetil,Glutathione,0
Candesartan_cilexetil,Glycerol,0
Candesartan_cilexetil,Glycyrrhizic_acid,0
Candesartan_cilexetil,L_Ascorbic_acid,0
Candesartan_cilexetil,L_Leucine,0
Candesartan_cilexetil,Lamivudine,0
Candesartan_cilexetil,Meglumine,1
Candesartan_cilexetil,Metformin hydrochloride,0
Candesartan_cilexetil,Methylene_Blue_trihydrate,0
Candesartan_cilexetil,Naproxen_sodium,0
Candesartan_cilexetil,Nicotinic_acid,0
Candesartan_cilexetil,Potassium_sorbate,0
Candesartan_cilexetil,Procyanidin,0
Candesartan_cilexetil,SAFFLOWER YELLOW,1
Candesartan_cilexetil,Salidroside,0
Candesartan_cilexetil,Sorbitol,0
Candesartan_cilexetil,Sucrose,0
Candesartan_cilexetil,Tannic_acid,0
Candesartan_cilexetil,Tartrazine,0
Candesartan_cilexetil,Taurine,0
Candesartan_cilexetil,Triethyl_citrate,0
Candesartan_cilexetil,Vanillin,0
Candesartan_cilexetil,Xylitol,0
Celecoxib,4-(METHOXYCARBONYL)PHENYLBORONIC ACID,0
Celecoxib,Alizarin_Red_S,0
Celecoxib,Allura Red AC,0
Celecoxib,Ampicillin,0
Celecoxib,Betaine,0
Celecoxib,BETANIN,1
Celecoxib,Brilliant_blue_G,1
Celecoxib,Caffeic acid,0
Celecoxib,Capecitabine,0
Celecoxib,Carmin,0
Celecoxib,Chlorogenic acid,0
Celecoxib,Citric_acid,0
Celecoxib,Congo_red,0
Celecoxib,D_glucose,0
Celecoxib,D(-)-Tartaric acid,0
Celecoxib,Dopamine hydrochloride,0
Celecoxib,EGCG,0
Celecoxib,Evans_Blue,0
Celecoxib,Gallic_acid,0
Celecoxib,Glutathione,0
Celecoxib,Glycerol,0
Celecoxib,Glycyrrhizic_acid,1
Celecoxib,L_Ascorbic_acid,0
Celecoxib,L_Leucine,0
Celecoxib,Lamivudine,0
Celecoxib,Meglumine,0
Celecoxib,Metformin hydrochloride,0
Celecoxib,Methylene_Blue_trihydrate,0
Celecoxib,Naproxen_sodium,0
Celecoxib,Nicotinic_acid,0
Celecoxib,Potassium_sorbate,0
Celecoxib,Procyanidin,1
Celecoxib,SAFFLOWER YELLOW,0
Celecoxib,Salidroside,0
Celecoxib,Sorbitol,0
Celecoxib,Sucrose,0
Celecoxib,Tannic_acid,0
Celecoxib,Tartrazine,0
Celecoxib,Taurine,0
Celecoxib,Triethyl_citrate,0
Celecoxib,Vanillin,0
Celecoxib,Xylitol,0
Carmofur,4-(METHOXYCARBONYL)PHENYLBORONIC ACID,0
Carmofur,Alizarin_Red_S,0
Carmofur,Allura Red AC,1
Carmofur,Ampicillin,1
Carmofur,Betaine,1
Carmofur,BETANIN,1
Carmofur,Brilliant_blue_G,1
Carmofur,Caffeic acid,1
Carmofur,Capecitabine,1
Carmofur,Carmin,1
Carmofur,Chlorogenic acid,0
Carmofur,Citric_acid,1
Carmofur,Congo_red,0
Carmofur,D_glucose,1
Carmofur,D(-)-Tartaric acid,1
Carmofur,Dopamine hydrochloride,1
Carmofur,EGCG,1
Carmofur,Evans_Blue,1
Carmofur,Gallic_acid,1
Carmofur,Glutathione,0
Carmofur,Glycerol,0
Carmofur,Glycyrrhizic_acid,0
Carmofur,L_Ascorbic_acid,1
Carmofur,L_Leucine,1
Carmofur,Lamivudine,1
Carmofur,Meglumine,1
Carmofur,Metformin hydrochloride,1
Carmofur,Naproxen_sodium,1
Carmofur,Nicotinic_acid,1
Carmofur,Potassium_sorbate,1
Carmofur,Procyanidin,1
Carmofur,SAFFLOWER YELLOW,1
Carmofur,Salidroside,1
Carmofur,Sorbitol,1
Carmofur,Sucrose,0
Carmofur,Tannic_acid,1
Carmofur,Tartrazine,1
Carmofur,Taurine,0
Carmofur,Triethyl_citrate,0
Carmofur,Vanillin,1
Carmofur,Xylitol,1
Carbamazepine,4-(METHOXYCARBONYL)PHENYLBORONIC ACID,1
Carbamazepine,Alizarin_Red_S,0
Carbamazepine,Allura Red AC,1
Carbamazepine,Ampicillin,0
Carbamazepine,Betaine,1
Carbamazepine,BETANIN,1
Carbamazepine,Brilliant_blue_G,1
Carbamazepine,Caffeic acid,1
Carbamazepine,Capecitabine,0
Carbamazepine,Carmin,1
Carbamazepine,Chlorogenic acid,0
Carbamazepine,Citric_acid,0
Carbamazepine,Congo_red,1
Carbamazepine,D_glucose,1
Carbamazepine,D(-)-Tartaric acid,1
Carbamazepine,Dopamine hydrochloride,1
Carbamazepine,EGCG,1
Carbamazepine,Evans_Blue,1
Carbamazepine,Gallic_acid,1
Carbamazepine,Glutathione,0
Carbamazepine,Glycerol,1
Carbamazepine,Glycyrrhizic_acid,0
Carbamazepine,L_Ascorbic_acid,1
Carbamazepine,L_Leucine,1
Carbamazepine,Lamivudine,1
Carbamazepine,Meglumine,1
Carbamazepine,Metformin hydrochloride,0
Carbamazepine,Naproxen_sodium,0
Carbamazepine,Nicotinic_acid,1
Carbamazepine,Potassium_sorbate,0
Carbamazepine,Procyanidin,0
Carbamazepine,SAFFLOWER YELLOW,0
Carbamazepine,Salidroside,0
Carbamazepine,Sorbitol,1
Carbamazepine,Sucrose,0
Carbamazepine,Tannic_acid,1
Carbamazepine,Tartrazine,1
Carbamazepine,Taurine,1
Carbamazepine,Triethyl_citrate,1
Carbamazepine,Vanillin,1
Carbamazepine,Xylitol,1
Curcumin,4-(METHOXYCARBONYL)PHENYLBORONIC ACID,0
Curcumin,Alizarin_Red_S,1
Curcumin,Allura Red AC,1
Curcumin,Ampicillin,0
Curcumin,Betaine,0
Curcumin,BETANIN,0
Curcumin,Brilliant_blue_G,1
Curcumin,Caffeic acid,0
Curcumin,Capecitabine,0
Curcumin,Carmin,1
Curcumin,Chlorogenic acid,0
Curcumin,Citric_acid,1
Curcumin,Congo_red,1
Curcumin,D_glucose,0
Curcumin,D(-)-Tartaric acid,1
Curcumin,Dopamine hydrochloride,0
Curcumin,EGCG,0
Curcumin,Evans_Blue,1
Curcumin,Gallic_acid,1
Curcumin,Glutathione,1
Curcumin,Glycerol,1
Curcumin,Glycyrrhizic_acid,1
Curcumin,L_Ascorbic_acid,1
Curcumin,L_Leucine,0
Curcumin,Lamivudine,1
Curcumin,Meglumine,1
Curcumin,Metformin hydrochloride,0
Curcumin,Methylene_Blue_trihydrate,1
Curcumin,Naproxen_sodium,1
Curcumin,Nicotinic_acid,1
Curcumin,Potassium_sorbate,1
Curcumin,Procyanidin,1
Curcumin,SAFFLOWER YELLOW,1
Curcumin,Salidroside,0
Curcumin,Sorbitol,1
Curcumin,Sucrose,0
Curcumin,Tannic_acid,0
Curcumin,Tartrazine,0
Curcumin,Taurine,0
Curcumin,Triethyl_citrate,0
Curcumin,Vanillin,0
Curcumin,Xylitol,0
Dexamethasone,4-(METHOXYCARBONYL)PHENYLBORONIC ACID,0
Dexamethasone,Alizarin_Red_S,0
Dexamethasone,Allura Red AC,1
Dexamethasone,Ampicillin,0
Dexamethasone,Betaine,0
Dexamethasone,BETANIN,0
Dexamethasone,Brilliant_blue_G,1
Dexamethasone,Caffeic acid,0
Dexamethasone,Capecitabine,0
Dexamethasone,Carmin,0
Dexamethasone,Chlorogenic acid,0
Dexamethasone,Citric_acid,0
Dexamethasone,Congo_red,0
Dexamethasone,D_glucose,0
Dexamethasone,D(-)-Tartaric acid,0
Dexamethasone,Dopamine hydrochloride,0
Dexamethasone,EGCG,0
Dexamethasone,Evans_Blue,1
Dexamethasone,Gallic_acid,1
Dexamethasone,Glutathione,0
Dexamethasone,Glycerol,0
Dexamethasone,Glycyrrhizic_acid,0
Dexamethasone,L_Ascorbic_acid,0
Dexamethasone,L_Leucine,0
Dexamethasone,Lamivudine,0
Dexamethasone,Meglumine,0
Dexamethasone,Metformin hydrochloride,0
Dexamethasone,Methylene_Blue_trihydrate,0
Dexamethasone,Naproxen_sodium,0
Dexamethasone,Nicotinic_acid,0
Dexamethasone,Potassium_sorbate,0
Dexamethasone,Procyanidin,0
Dexamethasone,SAFFLOWER YELLOW,0
Dexamethasone,Salidroside,0
Dexamethasone,Sorbitol,0
Dexamethasone,Sucrose,0
Dexamethasone,Tannic_acid,0
Dexamethasone,Tartrazine,0
Dexamethasone,Taurine,0
Dexamethasone,Triethyl_citrate,0
Dexamethasone,Vanillin,0
Dexamethasone,Xylitol,0
Dasatinib,4-(METHOXYCARBONYL)PHENYLBORONIC ACID,1
Dasatinib,Alizarin_Red_S,0
Dasatinib,Allura Red AC,1
Dasatinib,Ampicillin,1
Dasatinib,Betaine,1
Dasatinib,BETANIN,0
Dasatinib,Brilliant_blue_G,1
Dasatinib,Caffeic acid,0
Dasatinib,Capecitabine,1
Dasatinib,Carmin,1
Dasatinib,Chlorogenic acid,0
Dasatinib,Citric_acid,0
Dasatinib,Congo_red,1
Dasatinib,D_glucose,1
Dasatinib,D(-)-Tartaric acid,0
Dasatinib,Dopamine hydrochloride,1
Dasatinib,EGCG,1
Dasatinib,Gallic_acid,0
Dasatinib,Glutathione,0
Dasatinib,Glycerol,1
Dasatinib,Glycyrrhizic_acid,0
Dasatinib,L_Ascorbic_acid,1
Dasatinib,L_Leucine,1
Dasatinib,Lamivudine,1
Dasatinib,Meglumine,1
Dasatinib,Metformin hydrochloride,0
Dasatinib,Methylene_Blue_trihydrate,1
Dasatinib,Naproxen_sodium,0
Dasatinib,Nicotinic_acid,0
Dasatinib,Potassium_sorbate,0
Dasatinib,Procyanidin,0
Dasatinib,SAFFLOWER YELLOW,0
Dasatinib,Salidroside,1
Dasatinib,Sorbitol,1
Dasatinib,Sucrose,1
Dasatinib,Tannic_acid,0
Dasatinib,Tartrazine,0
Dasatinib,Taurine,1
Dasatinib,Triethyl_citrate,1
Dasatinib,Vanillin,1
Dasatinib,Xylitol,1
Emodin,4-(METHOXYCARBONYL)PHENYLBORONIC ACID,0
Emodin,Alizarin_Red_S,0
Emodin,Allura Red AC,0
Emodin,Ampicillin,0
Emodin,Betaine,0
Emodin,BETANIN,0
Emodin,Brilliant_blue_G,1
Emodin,Caffeic acid,0
Emodin,Capecitabine,0
Emodin,Carmin,0
Emodin,Chlorogenic acid,0
Emodin,Citric_acid,0
Emodin,Congo_red,1
Emodin,D_glucose,0
Emodin,D(-)-Tartaric acid,0
Emodin,Dopamine hydrochloride,0
Emodin,EGCG,0
Emodin,Evans_Blue,0
Emodin,Gallic_acid,0
Emodin,Glutathione,0
Emodin,Glycerol,0
Emodin,Glycyrrhizic_acid,1
Emodin,L_Ascorbic_acid,0
Emodin,L_Leucine,0
Emodin,Lamivudine,0
Emodin,Meglumine,0
Emodin,Metformin hydrochloride,0
Emodin,Methylene_Blue_trihydrate,0
Emodin,Naproxen_sodium,0
Emodin,Nicotinic_acid,0
Emodin,Potassium_sorbate,0
Emodin,Procyanidin,1
Emodin,SAFFLOWER YELLOW,0
Emodin,Salidroside,1
Emodin,Sorbitol,0
Emodin,Sucrose,0
Emodin,Tannic_acid,0
Emodin,Tartrazine,0
Emodin,Taurine,0
Emodin,Triethyl_citrate,0
Emodin,Vanillin,0
Emodin,Xylitol,0
Erlotinib,4-(METHOXYCARBONYL)PHENYLBORONIC ACID,0
Erlotinib,Alizarin_Red_S,1
Erlotinib,Allura Red AC,0
Erlotinib,Ampicillin,0
Erlotinib,Betaine,0
Erlotinib,BETANIN,0
Erlotinib,Brilliant_blue_G,1
Erlotinib,Caffeic acid,1
Erlotinib,Capecitabine,0
Erlotinib,Carmin,0
Erlotinib,Chlorogenic acid,1
Erlotinib,Citric_acid,0
Erlotinib,Congo_red,0
Erlotinib,D_glucose,0
Erlotinib,D(-)-Tartaric acid,0
Erlotinib,Dopamine hydrochloride,0
Erlotinib,EGCG,1
Erlotinib,Evans_Blue,0
Erlotinib,Gallic_acid,1
Erlotinib,Glutathione,0
Erlotinib,Glycerol,0
Erlotinib,Glycyrrhizic_acid,1
Erlotinib,L_Ascorbic_acid,0
Erlotinib,L_Leucine,0
Erlotinib,Lamivudine,0
Erlotinib,Meglumine,0
Erlotinib,Metformin hydrochloride,0
Erlotinib,Methylene_Blue_trihydrate,0
Erlotinib,Naproxen_sodium,0
Erlotinib,Nicotinic_acid,0
Erlotinib,Potassium_sorbate,0
Erlotinib,Procyanidin,1
Erlotinib,SAFFLOWER YELLOW,0
Erlotinib,Salidroside,0
Erlotinib,Sorbitol,0
Erlotinib,Sucrose,0
Erlotinib,Tannic_acid,1
Erlotinib,Tartrazine,0
Erlotinib,Taurine,0
Erlotinib,Triethyl_citrate,0
Erlotinib,Vanillin,0
Erlotinib,Xylitol,0
Folic_acid,4-(METHOXYCARBONYL)PHENYLBORONIC ACID,0
Folic_acid,Alizarin_Red_S,1
Folic_acid,Allura Red AC,0
Folic_acid,Ampicillin,0
Folic_acid,Betaine,0
Folic_acid,BETANIN,1
Folic_acid,Brilliant_blue_G,0
Folic_acid,Caffeic acid,0
Folic_acid,Capecitabine,1
Folic_acid,Carmin,0
Folic_acid,Chlorogenic acid,0
Folic_acid,Citric_acid,0
Folic_acid,Congo_red,0
Folic_acid,D_glucose,1
Folic_acid,D(-)-Tartaric acid,0
Folic_acid,Dopamine hydrochloride,0
Folic_acid,EGCG,1
Folic_acid,Gallic_acid,1
Folic_acid,Glutathione,0
Folic_acid,Glycerol,0
Folic_acid,Glycyrrhizic_acid,0
Folic_acid,L_Ascorbic_acid,1
Folic_acid,L_Leucine,1
Folic_acid,Lamivudine,0
Folic_acid,Meglumine,0
Folic_acid,Metformin hydrochloride,0
Folic_acid,Methylene_Blue_trihydrate,0
Folic_acid,Naproxen_sodium,0
Folic_acid,Nicotinic_acid,1
Folic_acid,Potassium_sorbate,0
Folic_acid,Procyanidin,0
Folic_acid,SAFFLOWER YELLOW,0
Folic_acid,Salidroside,1
Folic_acid,Sorbitol,0
Folic_acid,Sucrose,0
Folic_acid,Tannic_acid,0
Folic_acid,Tartrazine,0
Folic_acid,Taurine,0
Folic_acid,Triethyl_citrate,0
Folic_acid,Vanillin,0
Folic_acid,Xylitol,0
Fenofibrate,4-(METHOXYCARBONYL)PHENYLBORONIC ACID,0
Fenofibrate,Alizarin_Red_S,1
Fenofibrate,Allura Red AC,0
Fenofibrate,Ampicillin,0
Fenofibrate,Betaine,0
Fenofibrate,BETANIN,1
Fenofibrate,Brilliant_blue_G,1
Fenofibrate,Caffeic acid,0
Fenofibrate,Capecitabine,1
Fenofibrate,Carmin,0
Fenofibrate,Chlorogenic acid,0
Fenofibrate,Citric_acid,0
Fenofibrate,Congo_red,1
Fenofibrate,D_glucose,1
Fenofibrate,D(-)-Tartaric acid,0
Fenofibrate,Dopamine hydrochloride,0
Fenofibrate,EGCG,0
Fenofibrate,Evans_Blue,1
Fenofibrate,Gallic_acid,0
Fenofibrate,Glutathione,0
Fenofibrate,Glycerol,0
Fenofibrate,Glycyrrhizic_acid,1
Fenofibrate,L_Ascorbic_acid,1
Fenofibrate,L_Leucine,0
Fenofibrate,Lamivudine,0
Fenofibrate,Meglumine,1
Fenofibrate,Metformin hydrochloride,0
Fenofibrate,Methylene_Blue_trihydrate,0
Fenofibrate,Naproxen_sodium,0
Fenofibrate,Nicotinic_acid,1
Fenofibrate,Potassium_sorbate,0
Fenofibrate,Procyanidin,1
Fenofibrate,SAFFLOWER YELLOW,0
Fenofibrate,Salidroside,1
Fenofibrate,Sorbitol,1
Fenofibrate,Sucrose,0
Fenofibrate,Tannic_acid,0
Fenofibrate,Tartrazine,0
Fenofibrate,Taurine,0
Fenofibrate,Triethyl_citrate,0
Fenofibrate,Vanillin,0
Fenofibrate,Xylitol,0
Gefitinib,4-(METHOXYCARBONYL)PHENYLBORONIC ACID,0
Gefitinib,Alizarin_Red_S,1
Gefitinib,Allura Red AC,0
Gefitinib,Ampicillin,0
Gefitinib,Betaine,0
Gefitinib,BETANIN,0
Gefitinib,Brilliant_blue_G,1
Gefitinib,Caffeic acid,1
Gefitinib,Capecitabine,0
Gefitinib,Carmin,0
Gefitinib,Chlorogenic acid,0
Gefitinib,Citric_acid,1
Gefitinib,Congo_red,1
Gefitinib,D_glucose,0
Gefitinib,D(-)-Tartaric acid,1
Gefitinib,Dopamine hydrochloride,0
Gefitinib,EGCG,1
Gefitinib,Evans_Blue,1
Gefitinib,Gallic_acid,1
Gefitinib,Glutathione,0
Gefitinib,Glycerol,0
Gefitinib,Glycyrrhizic_acid,0
Gefitinib,L_Ascorbic_acid,1
Gefitinib,L_Leucine,0
Gefitinib,Lamivudine,0
Gefitinib,Meglumine,0
Gefitinib,Metformin hydrochloride,0
Gefitinib,Methylene_Blue_trihydrate,1
Gefitinib,Naproxen_sodium,0
Gefitinib,Nicotinic_acid,1
Gefitinib,Potassium_sorbate,0
Gefitinib,Procyanidin,0
Gefitinib,SAFFLOWER YELLOW,0
Gefitinib,Salidroside,0
Gefitinib,Sorbitol,0
Gefitinib,Sucrose,0
Gefitinib,Tannic_acid,1
Gefitinib,Tartrazine,0
Gefitinib,Taurine,0
Gefitinib,Triethyl_citrate,0
Gefitinib,Vanillin,0
Gefitinib,Xylitol,0
Genistein,4-(METHOXYCARBONYL)PHENYLBORONIC ACID,0
Genistein,Alizarin_Red_S,0
Genistein,Allura Red AC,0
Genistein,Ampicillin,0
Genistein,Betaine,0
Genistein,BETANIN,0
Genistein,Brilliant_blue_G,1
Genistein,Caffeic acid,0
Genistein,Capecitabine,0
Genistein,Carmin,0
Genistein,Chlorogenic acid,0
Genistein,Citric_acid,0
Genistein,Congo_red,0
Genistein,D_glucose,0
Genistein,D(-)-Tartaric acid,0
Genistein,Dopamine hydrochloride,0
Genistein,EGCG,0
Genistein,Evans_Blue,0
Genistein,Gallic_acid,0
Genistein,Glutathione,0
Genistein,Glycerol,0
Genistein,Glycyrrhizic_acid,0
Genistein,L_Ascorbic_acid,0
Genistein,L_Leucine,0
Genistein,Lamivudine,0
Genistein,Meglumine,0
Genistein,Metformin hydrochloride,0
Genistein,Methylene_Blue_trihydrate,0
Genistein,Naproxen_sodium,0
Genistein,Nicotinic_acid,0
Genistein,Potassium_sorbate,0
Genistein,Procyanidin,0
Genistein,SAFFLOWER YELLOW,0
Genistein,Salidroside,0
Genistein,Sorbitol,0
Genistein,Sucrose,0
Genistein,Tannic_acid,0
Genistein,Tartrazine,0
Genistein,Taurine,0
Genistein,Triethyl_citrate,0
Genistein,Vanillin,0
Genistein,Xylitol,0
Ibuprofen,4-(METHOXYCARBONYL)PHENYLBORONIC ACID,1
Ibuprofen,Alizarin_Red_S,0
Ibuprofen,Allura Red AC,0
Ibuprofen,Ampicillin,0
Ibuprofen,Betaine,1
Ibuprofen,BETANIN,0
Ibuprofen,Brilliant_blue_G,1
Ibuprofen,Caffeic acid,1
Ibuprofen,Capecitabine,1
Ibuprofen,Carmin,1
Ibuprofen,Chlorogenic acid,1
Ibuprofen,Citric_acid,0
Ibuprofen,Congo_red,1
Ibuprofen,D_glucose,1
Ibuprofen,D(-)-Tartaric acid,1
Ibuprofen,Dopamine hydrochloride,0
Ibuprofen,EGCG,0
Ibuprofen,Evans_Blue,1
Ibuprofen,Gallic_acid,1
Ibuprofen,Glutathione,1
Ibuprofen,Glycerol,1
Ibuprofen,Glycyrrhizic_acid,0
Ibuprofen,L_Ascorbic_acid,1
Ibuprofen,L_Leucine,1
Ibuprofen,Lamivudine,0
Ibuprofen,Meglumine,1
Ibuprofen,Metformin hydrochloride,1
Ibuprofen,Methylene_Blue_trihydrate,1
Ibuprofen,Naproxen_sodium,0
Ibuprofen,Nicotinic_acid,1
Ibuprofen,Potassium_sorbate,0
Ibuprofen,Procyanidin,0
Ibuprofen,SAFFLOWER YELLOW,1
Ibuprofen,Salidroside,0
Ibuprofen,Sorbitol,0
Ibuprofen,Sucrose,1
Ibuprofen,Tannic_acid,1
Ibuprofen,Tartrazine,1
Ibuprofen,Taurine,1
Ibuprofen,Triethyl_citrate,1
Ibuprofen,Vanillin,1
Ibuprofen,Xylitol,1
Indomethacin,4-(METHOXYCARBONYL)PHENYLBORONIC ACID,0
Indomethacin,Alizarin_Red_S,1
Indomethacin,Allura Red AC,0
Indomethacin,Ampicillin,0
Indomethacin,Betaine,1
Indomethacin,BETANIN,1
Indomethacin,Brilliant_blue_G,1
Indomethacin,Caffeic acid,0
Indomethacin,Capecitabine,0
Indomethacin,Carmin,0
Indomethacin,Chlorogenic acid,0
Indomethacin,Citric_acid,0
Indomethacin,Congo_red,1
Indomethacin,D_glucose,1
Indomethacin,D(-)-Tartaric acid,0
Indomethacin,Dopamine hydrochloride,0
Indomethacin,EGCG,1
Indomethacin,Evans_Blue,1
Indomethacin,Gallic_acid,1
Indomethacin,Glutathione,0
Indomethacin,Glycerol,0
Indomethacin,Glycyrrhizic_acid,1
Indomethacin,L_Ascorbic_acid,1
Indomethacin,L_Leucine,1
Indomethacin,Lamivudine,0
Indomethacin,Meglumine,1
Indomethacin,Metformin hydrochloride,0
Indomethacin,Methylene_Blue_trihydrate,1
Indomethacin,Naproxen_sodium,0
Indomethacin,Nicotinic_acid,1
Indomethacin,Potassium_sorbate,0
Indomethacin,Procyanidin,1
Indomethacin,SAFFLOWER YELLOW,0
Indomethacin,Salidroside,1
Indomethacin,Sorbitol,1
Indomethacin,Sucrose,0
Indomethacin,Tannic_acid,1
Indomethacin,Tartrazine,1
Indomethacin,Taurine,0
Indomethacin,Triethyl_citrate,0
Indomethacin,Vanillin,0
Indomethacin,Xylitol,1
Lauric_acid,4-(METHOXYCARBONYL)PHENYLBORONIC ACID,0
Lauric_acid,Alizarin_Red_S,0
Lauric_acid,Allura Red AC,0
Lauric_acid,Ampicillin,0
Lauric_acid,Betaine,0
Lauric_acid,BETANIN,0
Lauric_acid,Brilliant_blue_G,1
Lauric_acid,Caffeic acid,0
Lauric_acid,Capecitabine,0
Lauric_acid,Carmin,0
Lauric_acid,Chlorogenic acid,0
Lauric_acid,Citric_acid,0
Lauric_acid,Congo_red,0
Lauric_acid,D_glucose,0
Lauric_acid,D(-)-Tartaric acid,0
Lauric_acid,Dopamine hydrochloride,0
Lauric_acid,EGCG,0
Lauric_acid,Evans_Blue,0
Lauric_acid,Gallic_acid,0
Lauric_acid,Glutathione,0
Lauric_acid,Glycerol,0
Lauric_acid,Glycyrrhizic_acid,0
Lauric_acid,L_Ascorbic_acid,0
Lauric_acid,L_Leucine,0
Lauric_acid,Lamivudine,0
Lauric_acid,Meglumine,1
Lauric_acid,Metformin hydrochloride,0
Lauric_acid,Methylene_Blue_trihydrate,0
Lauric_acid,Naproxen_sodium,0
Lauric_acid,Nicotinic_acid,0
Lauric_acid,Potassium_sorbate,0
Lauric_acid,Procyanidin,0
Lauric_acid,SAFFLOWER YELLOW,0
Lauric_acid,Salidroside,0
Lauric_acid,Sorbitol,0
Lauric_acid,Sucrose,0
Lauric_acid,Tannic_acid,0
Lauric_acid,Tartrazine,0
Lauric_acid,Taurine,0
Lauric_acid,Triethyl_citrate,0
Lauric_acid,Vanillin,0
Lauric_acid,Xylitol,0
Loratadine,4-(METHOXYCARBONYL)PHENYLBORONIC ACID,0
Loratadine,Alizarin_Red_S,1
Loratadine,Allura Red AC,0
Loratadine,Ampicillin,0
Loratadine,Betaine,1
Loratadine,BETANIN,0
Loratadine,Brilliant_blue_G,1
Loratadine,Caffeic acid,1
Loratadine,Capecitabine,0
Loratadine,Carmin,0
Loratadine,Chlorogenic acid,1
Loratadine,Citric_acid,1
Loratadine,Congo_red,1
Loratadine,D_glucose,0
Loratadine,D(-)-Tartaric acid,0
Loratadine,Dopamine hydrochloride,1
Loratadine,EGCG,0
Loratadine,Evans_Blue,1
Loratadine,Gallic_acid,1
Loratadine,Glutathione,1
Loratadine,Glycerol,0
Loratadine,Glycyrrhizic_acid,1
Loratadine,L_Ascorbic_acid,1
Loratadine,L_Leucine,0
Loratadine,Lamivudine,0
Loratadine,Meglumine,0
Loratadine,Metformin hydrochloride,0
Loratadine,Methylene_Blue_trihydrate,0
Loratadine,Naproxen_sodium,0
Loratadine,Nicotinic_acid,1
Loratadine,Potassium_sorbate,0
Loratadine,Procyanidin,1
Loratadine,SAFFLOWER YELLOW,1
Loratadine,Salidroside,0
Loratadine,Sorbitol,0
Loratadine,Sucrose,0
Loratadine,Tannic_acid,1
Loratadine,Tartrazine,0
Loratadine,Taurine,0
Loratadine,Triethyl_citrate,0
Loratadine,Vanillin,1
Loratadine,Xylitol,0
Luteolin,4-(METHOXYCARBONYL)PHENYLBORONIC ACID,0
Luteolin,Alizarin_Red_S,0
Luteolin,Allura Red AC,0
Luteolin,Ampicillin,0
Luteolin,Betaine,0
Luteolin,BETANIN,0
Luteolin,Brilliant_blue_G,1
Luteolin,Caffeic acid,0
Luteolin,Capecitabine,0
Luteolin,Carmin,0
Luteolin,Chlorogenic acid,0
Luteolin,Citric_acid,0
Luteolin,Congo_red,1
Luteolin,D_glucose,0
Luteolin,D(-)-Tartaric acid,0
Luteolin,Dopamine hydrochloride,0
Luteolin,EGCG,0
Luteolin,Evans_Blue,0
Luteolin,Gallic_acid,0
Luteolin,Glutathione,0
Luteolin,Glycerol,0
Luteolin,Glycyrrhizic_acid,1
Luteolin,L_Ascorbic_acid,0
Luteolin,L_Leucine,0
Luteolin,Lamivudine,0
Luteolin,Meglumine,0
Luteolin,Metformin hydrochloride,0
Luteolin,Methylene_Blue_trihydrate,0
Luteolin,Naproxen_sodium,0
Luteolin,Nicotinic_acid,0
Luteolin,Potassium_sorbate,0
Luteolin,Procyanidin,0
Luteolin,SAFFLOWER YELLOW,0
Luteolin,Salidroside,0
Luteolin,Sorbitol,0
Luteolin,Sucrose,0
Luteolin,Tannic_acid,1
Luteolin,Tartrazine,0
Luteolin,Taurine,0
Luteolin,Triethyl_citrate,0
Luteolin,Vanillin,0
Luteolin,Xylitol,0
Meloxicam,4-(METHOXYCARBONYL)PHENYLBORONIC ACID,0
Meloxicam,Alizarin_Red_S,0
Meloxicam,Allura Red AC,0
Meloxicam,Ampicillin,0
Meloxicam,Betaine,0
Meloxicam,BETANIN,1
Meloxicam,Brilliant_blue_G,1
Meloxicam,Caffeic acid,0
Meloxicam,Capecitabine,1
Meloxicam,Carmin,0
Meloxicam,Chlorogenic acid,0
Meloxicam,Citric_acid,0
Meloxicam,Congo_red,1
Meloxicam,D_glucose,1
Meloxicam,D(-)-Tartaric acid,0
Meloxicam,Dopamine hydrochloride,0
Meloxicam,EGCG,0
Meloxicam,Evans_Blue,1
Meloxicam,Gallic_acid,0
Meloxicam,Glutathione,0
Meloxicam,Glycerol,0
Meloxicam,Glycyrrhizic_acid,1
Meloxicam,L_Ascorbic_acid,0
Meloxicam,L_Leucine,1
Meloxicam,Lamivudine,0
Meloxicam,Meglumine,0
Meloxicam,Metformin hydrochloride,0
Meloxicam,Methylene_Blue_trihydrate,0
Meloxicam,Naproxen_sodium,0
Meloxicam,Nicotinic_acid,0
Meloxicam,Potassium_sorbate,0
Meloxicam,Procyanidin,1
Meloxicam,SAFFLOWER YELLOW,0
Meloxicam,Salidroside,1
Meloxicam,Sorbitol,0
Meloxicam,Sucrose,0
Meloxicam,Tannic_acid,1
Meloxicam,Tartrazine,0
Meloxicam,Taurine,0
Meloxicam,Triethyl_citrate,0
Meloxicam,Vanillin,1
Meloxicam,Xylitol,0
Nevirapine,4-(METHOXYCARBONYL)PHENYLBORONIC ACID,1
Nevirapine,Alizarin_Red_S,0
Nevirapine,Allura Red AC,1
Nevirapine,Ampicillin,0
Nevirapine,Betaine,1
Nevirapine,BETANIN,1
Nevirapine,Brilliant_blue_G,1
Nevirapine,Caffeic acid,0
Nevirapine,Capecitabine,0
Nevirapine,Carmin,1
Nevirapine,Chlorogenic acid,0
Nevirapine,Citric_acid,0
Nevirapine,Congo_red,1
Nevirapine,D_glucose,1
Nevirapine,D(-)-Tartaric acid,0
Nevirapine,Dopamine hydrochloride,0
Nevirapine,EGCG,1
Nevirapine,Evans_Blue,1
Nevirapine,Gallic_acid,1
Nevirapine,Glutathione,0
Nevirapine,Glycerol,1
Nevirapine,Glycyrrhizic_acid,0
Nevirapine,L_Ascorbic_acid,1
Nevirapine,L_Leucine,1
Nevirapine,Lamivudine,0
Nevirapine,Meglumine,0
Nevirapine,Metformin hydrochloride,0
Nevirapine,Naproxen_sodium,0
Nevirapine,Nicotinic_acid,1
Nevirapine,Potassium_sorbate,0
Nevirapine,Procyanidin,0
Nevirapine,SAFFLOWER YELLOW,0
Nevirapine,Salidroside,0
Nevirapine,Sorbitol,1
Nevirapine,Sucrose,0
Nevirapine,Tartrazine,0
Nevirapine,Taurine,1
Nevirapine,Triethyl_citrate,1
Nevirapine,Vanillin,1
Nevirapine,Xylitol,0
Omeprazole,4-(METHOXYCARBONYL)PHENYLBORONIC ACID,1
Omeprazole,Alizarin_Red_S,1
Omeprazole,Allura Red AC,1
Omeprazole,Ampicillin,1
Omeprazole,Betaine,1
Omeprazole,BETANIN,1
Omeprazole,Brilliant_blue_G,1
Omeprazole,Caffeic acid,1
Omeprazole,Capecitabine,1
Omeprazole,Carmin,1
Omeprazole,Chlorogenic acid,1
Omeprazole,Citric_acid,1
Omeprazole,Congo_red,1
Omeprazole,D_glucose,1
Omeprazole,D(-)-Tartaric acid,0
Omeprazole,Dopamine hydrochloride,1
Omeprazole,EGCG,1
Omeprazole,Evans_Blue,0
Omeprazole,Gallic_acid,1
Omeprazole,Glutathione,1
Omeprazole,Glycerol,1
Omeprazole,Glycyrrhizic_acid,1
Omeprazole,L_Ascorbic_acid,1
Omeprazole,L_Leucine,1
Omeprazole,Lamivudine,1
Omeprazole,Meglumine,1
Omeprazole,Metformin hydrochloride,1
Omeprazole,Methylene_Blue_trihydrate,1
Omeprazole,Naproxen_sodium,1
Omeprazole,Nicotinic_acid,0
Omeprazole,Potassium_sorbate,1
Omeprazole,Procyanidin,1
Omeprazole,SAFFLOWER YELLOW,1
Omeprazole,Salidroside,1
Omeprazole,Sorbitol,1
Omeprazole,Sucrose,1
Omeprazole,Tannic_acid,1
Omeprazole,Tartrazine,1
Omeprazole,Taurine,1
Omeprazole,Triethyl_citrate,1
Omeprazole,Vanillin,1
Omeprazole,Xylitol,1
Probucol,4-(METHOXYCARBONYL)PHENYLBORONIC ACID,0
Probucol,Alizarin_Red_S,0
Probucol,Allura Red AC,0
Probucol,Ampicillin,0
Probucol,Betaine,0
Probucol,BETANIN,0
Probucol,Brilliant_blue_G,0
Probucol,Caffeic acid,0
Probucol,Capecitabine,0
Probucol,Carmin,0
Probucol,Chlorogenic acid,0
Probucol,Citric_acid,0
Probucol,Congo_red,0
Probucol,D_glucose,0
Probucol,D(-)-Tartaric acid,0
Probucol,Dopamine hydrochloride,0
Probucol,EGCG,0
Probucol,Evans_Blue,0
Probucol,Gallic_acid,0
Probucol,Glutathione,0
Probucol,Glycerol,0
Probucol,Glycyrrhizic_acid,0
Probucol,L_Ascorbic_acid,0
Probucol,L_Leucine,0
Probucol,Lamivudine,0
Probucol,Meglumine,0
Probucol,Metformin hydrochloride,0
Probucol,Methylene_Blue_trihydrate,0
Probucol,Naproxen_sodium,0
Probucol,Nicotinic_acid,0
Probucol,Potassium_sorbate,0
Probucol,Procyanidin,0
Probucol,SAFFLOWER YELLOW,0
Probucol,Salidroside,0
Probucol,Sorbitol,0
Probucol,Sucrose,0
Probucol,Tannic_acid,0
Probucol,Tartrazine,0
Probucol,Taurine,0
Probucol,Triethyl_citrate,0
Probucol,Vanillin,0
Probucol,Xylitol,0
Piroxicam,4-(METHOXYCARBONYL)PHENYLBORONIC ACID,0
Piroxicam,Alizarin_Red_S,0
Piroxicam,Allura Red AC,1
Piroxicam,Ampicillin,1
Piroxicam,Betaine,1
Piroxicam,BETANIN,1
Piroxicam,Brilliant_blue_G,1
Piroxicam,Caffeic acid,1
Piroxicam,Capecitabine,1
Piroxicam,Carmin,1
Piroxicam,Chlorogenic acid,0
Piroxicam,Citric_acid,0
Piroxicam,Congo_red,0
Piroxicam,D_glucose,1
Piroxicam,D(-)-Tartaric acid,0
Piroxicam,Dopamine hydrochloride,1
Piroxicam,EGCG,1
Piroxicam,Evans_Blue,1
Piroxicam,Gallic_acid,1
Piroxicam,Glutathione,1
Piroxicam,Glycerol,0
Piroxicam,Glycyrrhizic_acid,0
Piroxicam,L_Ascorbic_acid,1
Piroxicam,L_Leucine,1
Piroxicam,Lamivudine,1
Piroxicam,Meglumine,1
Piroxicam,Metformin hydrochloride,0
Piroxicam,Naproxen_sodium,0
Piroxicam,Nicotinic_acid,1
Piroxicam,Potassium_sorbate,1
Piroxicam,Procyanidin,1
Piroxicam,SAFFLOWER YELLOW,0
Piroxicam,Salidroside,1
Piroxicam,Sorbitol,1
Piroxicam,Sucrose,0
Piroxicam,Tannic_acid,1
Piroxicam,Tartrazine,0
Piroxicam,Taurine,0
Piroxicam,Triethyl_citrate,0
Piroxicam,Vanillin,1
Piroxicam,Xylitol,0
Podophyllotoxin,4-(METHOXYCARBONYL)PHENYLBORONIC ACID,1
Podophyllotoxin,Alizarin_Red_S,1
Podophyllotoxin,Allura Red AC,0
Podophyllotoxin,Ampicillin,1
Podophyllotoxin,Betaine,1
Podophyllotoxin,BETANIN,1
Podophyllotoxin,Brilliant_blue_G,1
Podophyllotoxin,Caffeic acid,1
Podophyllotoxin,Capecitabine,1
Podophyllotoxin,Carmin,1
Podophyllotoxin,Chlorogenic acid,1
Podophyllotoxin,Citric_acid,0
Podophyllotoxin,Congo_red,1
Podophyllotoxin,D_glucose,1
Podophyllotoxin,D(-)-Tartaric acid,0
Podophyllotoxin,Dopamine hydrochloride,1
Podophyllotoxin,EGCG,1
Podophyllotoxin,Evans_Blue,1
Podophyllotoxin,Gallic_acid,1
Podophyllotoxin,Glutathione,0
Podophyllotoxin,Glycerol,1
Podophyllotoxin,Glycyrrhizic_acid,0
Podophyllotoxin,L_Ascorbic_acid,1
Podophyllotoxin,L_Leucine,1
Podophyllotoxin,Lamivudine,0
Podophyllotoxin,Meglumine,0
Podophyllotoxin,Metformin hydrochloride,1
Podophyllotoxin,Methylene_Blue_trihydrate,0
Podophyllotoxin,Naproxen_sodium,1
Podophyllotoxin,Nicotinic_acid,1
Podophyllotoxin,Potassium_sorbate,1
Podophyllotoxin,Procyanidin,0
Podophyllotoxin,SAFFLOWER YELLOW,0
Podophyllotoxin,Salidroside,0
Podophyllotoxin,Sorbitol,1
Podophyllotoxin,Sucrose,0
Podophyllotoxin,Tannic_acid,1
Podophyllotoxin,Tartrazine,0
Podophyllotoxin,Taurine,1
Podophyllotoxin,Triethyl_citrate,0
Podophyllotoxin,Vanillin,1
Podophyllotoxin,Xylitol,0
Puerarin,4-(METHOXYCARBONYL)PHENYLBORONIC ACID,0
Puerarin,Alizarin_Red_S,1
Puerarin,Allura Red AC,1
Puerarin,Ampicillin,1
Puerarin,Betaine,1
Puerarin,BETANIN,1
Puerarin,Brilliant_blue_G,1
Puerarin,Caffeic acid,1
Puerarin,Capecitabine,0
Puerarin,Carmin,1
Puerarin,Chlorogenic acid,0
Puerarin,Citric_acid,1
Puerarin,Congo_red,1
Puerarin,D_glucose,1
Puerarin,D(-)-Tartaric acid,0
Puerarin,Dopamine hydrochloride,1
Puerarin,EGCG,1
Puerarin,Gallic_acid,1
Puerarin,Glutathione,0
Puerarin,Glycerol,1
Puerarin,Glycyrrhizic_acid,0
Puerarin,L_Ascorbic_acid,1
Puerarin,L_Leucine,1
Puerarin,Lamivudine,0
Puerarin,Meglumine,0
Puerarin,Metformin hydrochloride,0
Puerarin,Methylene_Blue_trihydrate,0
Puerarin,Naproxen_sodium,0
Puerarin,Nicotinic_acid,1
Puerarin,Potassium_sorbate,1
Puerarin,Procyanidin,0
Puerarin,SAFFLOWER YELLOW,1
Puerarin,Salidroside,0
Puerarin,Sorbitol,1
Puerarin,Sucrose,1
Puerarin,Tannic_acid,1
Puerarin,Tartrazine,1
Puerarin,Taurine,1
Puerarin,Triethyl_citrate,0
Puerarin,Vanillin,1
Puerarin,Xylitol,0
Pyrimethamine,4-(METHOXYCARBONYL)PHENYLBORONIC ACID,0
Pyrimethamine,Alizarin_Red_S,0
Pyrimethamine,Allura Red AC,0
Pyrimethamine,Ampicillin,0
Pyrimethamine,Betaine,0
Pyrimethamine,BETANIN,0
Pyrimethamine,Brilliant_blue_G,1
Pyrimethamine,Caffeic acid,0
Pyrimethamine,Capecitabine,0
Pyrimethamine,Carmin,0
Pyrimethamine,Chlorogenic acid,1
Pyrimethamine,Citric_acid,0
Pyrimethamine,Congo_red,0
Pyrimethamine,D_glucose,0
Pyrimethamine,D(-)-Tartaric acid,0
Pyrimethamine,Dopamine hydrochloride,0
Pyrimethamine,EGCG,0
Pyrimethamine,Evans_Blue,0
Pyrimethamine,Gallic_acid,1
Pyrimethamine,Glutathione,1
Pyrimethamine,Glycerol,0
Pyrimethamine,Glycyrrhizic_acid,0
Pyrimethamine,L_Ascorbic_acid,1
Pyrimethamine,L_Leucine,0
Pyrimethamine,Lamivudine,0
Pyrimethamine,Meglumine,0
Pyrimethamine,Metformin hydrochloride,0
Pyrimethamine,Methylene_Blue_trihydrate,0
Pyrimethamine,Naproxen_sodium,0
Pyrimethamine,Nicotinic_acid,1
Pyrimethamine,Potassium_sorbate,0
Pyrimethamine,Procyanidin,0
Pyrimethamine,SAFFLOWER YELLOW,0
Pyrimethamine,Salidroside,0
Pyrimethamine,Sorbitol,1
Pyrimethamine,Sucrose,0
Pyrimethamine,Tannic_acid,0
Pyrimethamine,Tartrazine,0
Pyrimethamine,Taurine,0
Pyrimethamine,Triethyl_citrate,0
Pyrimethamine,Vanillin,0
Pyrimethamine,Xylitol,0
Quercetin,4-(METHOXYCARBONYL)PHENYLBORONIC ACID,0
Quercetin,Alizarin_Red_S,0
Quercetin,Allura Red AC,0
Quercetin,Ampicillin,0
Quercetin,Betaine,0
Quercetin,BETANIN,0
Quercetin,Brilliant_blue_G,1
Quercetin,Caffeic acid,0
Quercetin,Capecitabine,0
Quercetin,Carmin,0
Quercetin,Chlorogenic acid,0
Quercetin,Citric_acid,0
Quercetin,Congo_red,0
Quercetin,D_glucose,0
Quercetin,D(-)-Tartaric acid,0
Quercetin,Dopamine hydrochloride,0
Quercetin,EGCG,0
Quercetin,Evans_Blue,0
Quercetin,Gallic_acid,0
Quercetin,Glutathione,0
Quercetin,Glycerol,0
Quercetin,Glycyrrhizic_acid,0
Quercetin,L_Ascorbic_acid,0
Quercetin,L_Leucine,0
Quercetin,Lamivudine,0
Quercetin,Meglumine,0
Quercetin,Metformin hydrochloride,0
Quercetin,Methylene_Blue_trihydrate,0
Quercetin,Naproxen_sodium,0
Quercetin,Nicotinic_acid,0
Quercetin,Potassium_sorbate,0
Quercetin,Procyanidin,0
Quercetin,SAFFLOWER YELLOW,0
Quercetin,Salidroside,0
Quercetin,Sorbitol,0
Quercetin,Sucrose,0
Quercetin,Tannic_acid,0
Quercetin,Tartrazine,0
Quercetin,Taurine,0
Quercetin,Triethyl_citrate,0
Quercetin,Vanillin,0
Quercetin,Xylitol,0
Rapamycin,4-(METHOXYCARBONYL)PHENYLBORONIC ACID,0
Rapamycin,Alizarin_Red_S,0
Rapamycin,Allura Red AC,0
Rapamycin,Ampicillin,0
Rapamycin,Betaine,0
Rapamycin,BETANIN,0
Rapamycin,Brilliant_blue_G,0
Rapamycin,Caffeic acid,0
Rapamycin,Capecitabine,0
Rapamycin,Carmin,0
Rapamycin,Chlorogenic acid,0
Rapamycin,Citric_acid,0
Rapamycin,Congo_red,0
Rapamycin,D_glucose,0
Rapamycin,D(-)-Tartaric acid,0
Rapamycin,Dopamine hydrochloride,0
Rapamycin,EGCG,0
Rapamycin,Evans_Blue,0
Rapamycin,Gallic_acid,0
Rapamycin,Glutathione,0
Rapamycin,Glycerol,0
Rapamycin,Glycyrrhizic_acid,0
Rapamycin,L_Ascorbic_acid,0
Rapamycin,L_Leucine,0
Rapamycin,Lamivudine,0
Rapamycin,Meglumine,0
Rapamycin,Metformin hydrochloride,0
Rapamycin,Methylene_Blue_trihydrate,0
Rapamycin,Naproxen_sodium,0
Rapamycin,Nicotinic_acid,0
Rapamycin,Potassium_sorbate,0
Rapamycin,Procyanidin,0
Rapamycin,SAFFLOWER YELLOW,0
Rapamycin,Salidroside,0
Rapamycin,Sorbitol,0
Rapamycin,Sucrose,0
Rapamycin,Tannic_acid,0
Rapamycin,Tartrazine,0
Rapamycin,Taurine,0
Rapamycin,Triethyl_citrate,0
Rapamycin,Vanillin,0
Rapamycin,Xylitol,0
Resveratrol,4-(METHOXYCARBONYL)PHENYLBORONIC ACID,0
Resveratrol,Alizarin_Red_S,0
Resveratrol,Allura Red AC,0
Resveratrol,Ampicillin,0
Resveratrol,Betaine,0
Resveratrol,BETANIN,0
Resveratrol,Brilliant_blue_G,1
Resveratrol,Caffeic acid,0
Resveratrol,Capecitabine,0
Resveratrol,Carmin,0
Resveratrol,Chlorogenic acid,0
Resveratrol,Citric_acid,0
Resveratrol,Congo_red,0
Resveratrol,D_glucose,0
Resveratrol,D(-)-Tartaric acid,0
Resveratrol,Dopamine hydrochloride,0
Resveratrol,EGCG,0
Resveratrol,Evans_Blue,1
Resveratrol,Gallic_acid,0
Resveratrol,Glutathione,0
Resveratrol,Glycerol,0
Resveratrol,Glycyrrhizic_acid,0
Resveratrol,L_Ascorbic_acid,0
Resveratrol,L_Leucine,0
Resveratrol,Lamivudine,0
Resveratrol,Meglumine,0
Resveratrol,Metformin hydrochloride,0
Resveratrol,Naproxen_sodium,0
Resveratrol,Nicotinic_acid,0
Resveratrol,Potassium_sorbate,0
Resveratrol,Procyanidin,0
Resveratrol,SAFFLOWER YELLOW,1
Resveratrol,Salidroside,0
Resveratrol,Sorbitol,0
Resveratrol,Sucrose,0
Resveratrol,Tannic_acid,1
Resveratrol,Tartrazine,0
Resveratrol,Taurine,0
Resveratrol,Triethyl_citrate,0
Resveratrol,Vanillin,0
Resveratrol,Xylitol,0
Ginsenoside_Rg3,4-(METHOXYCARBONYL)PHENYLBORONIC ACID,0
Ginsenoside_Rg3,Alizarin_Red_S,0
Ginsenoside_Rg3,Allura Red AC,0
Ginsenoside_Rg3,Ampicillin,0
Ginsenoside_Rg3,Betaine,0
Ginsenoside_Rg3,BETANIN,0
Ginsenoside_Rg3,Brilliant_blue_G,1
Ginsenoside_Rg3,Caffeic acid,0
Ginsenoside_Rg3,Capecitabine,0
Ginsenoside_Rg3,Carmin,0
Ginsenoside_Rg3,Chlorogenic acid,0
Ginsenoside_Rg3,Citric_acid,0
Ginsenoside_Rg3,Congo_red,0
Ginsenoside_Rg3,D_glucose,0
Ginsenoside_Rg3,D(-)-Tartaric acid,0
Ginsenoside_Rg3,Dopamine hydrochloride,0
Ginsenoside_Rg3,EGCG,1
Ginsenoside_Rg3,Gallic_acid,0
Ginsenoside_Rg3,Glutathione,0
Ginsenoside_Rg3,Glycerol,0
Ginsenoside_Rg3,Glycyrrhizic_acid,0
Ginsenoside_Rg3,L_Ascorbic_acid,0
Ginsenoside_Rg3,L_Leucine,0
Ginsenoside_Rg3,Lamivudine,0
Ginsenoside_Rg3,Meglumine,0
Ginsenoside_Rg3,Metformin hydrochloride,0
Ginsenoside_Rg3,Methylene_Blue_trihydrate,0
Ginsenoside_Rg3,Naproxen_sodium,0
Ginsenoside_Rg3,Nicotinic_acid,0
Ginsenoside_Rg3,Potassium_sorbate,0
Ginsenoside_Rg3,Procyanidin,0
Ginsenoside_Rg3,SAFFLOWER YELLOW,0
Ginsenoside_Rg3,Salidroside,0
Ginsenoside_Rg3,Sorbitol,0
Ginsenoside_Rg3,Sucrose,0
Ginsenoside_Rg3,Tannic_acid,1
Ginsenoside_Rg3,Tartrazine,0
Ginsenoside_Rg3,Taurine,0
Ginsenoside_Rg3,Triethyl_citrate,0
Ginsenoside_Rg3,Vanillin,0
Ginsenoside_Rg3,Xylitol,0
Rutin,4-(METHOXYCARBONYL)PHENYLBORONIC ACID,0
Rutin,Alizarin_Red_S,0
Rutin,Allura Red AC,0
Rutin,Ampicillin,0
Rutin,Betaine,0
Rutin,BETANIN,0
Rutin,Brilliant_blue_G,0
Rutin,Caffeic acid,0
Rutin,Capecitabine,0
Rutin,Carmin,0
Rutin,Chlorogenic acid,0
Rutin,Citric_acid,0
Rutin,Congo_red,0
Rutin,D_glucose,0
Rutin,D(-)-Tartaric acid,0
Rutin,Dopamine hydrochloride,0
Rutin,EGCG,0
Rutin,Evans_Blue,0
Rutin,Gallic_acid,0
Rutin,Glutathione,0
Rutin,Glycerol,0
Rutin,Glycyrrhizic_acid,0
Rutin,L_Ascorbic_acid,1
Rutin,L_Leucine,0
Rutin,Lamivudine,0
Rutin,Meglumine,0
Rutin,Metformin hydrochloride,0
Rutin,Methylene_Blue_trihydrate,0
Rutin,Naproxen_sodium,0
Rutin,Nicotinic_acid,0
Rutin,Potassium_sorbate,0
Rutin,Procyanidin,0
Rutin,SAFFLOWER YELLOW,0
Rutin,Salidroside,0
Rutin,Sorbitol,0
Rutin,Sucrose,0
Rutin,Tannic_acid,1
Rutin,Tartrazine,0
Rutin,Taurine,0
Rutin,Triethyl_citrate,0
Rutin,Vanillin,0
Rutin,Xylitol,0
Retinoic_acid,4-(METHOXYCARBONYL)PHENYLBORONIC ACID,0
Retinoic_acid,Alizarin_Red_S,0
Retinoic_acid,Allura Red AC,0
Retinoic_acid,Ampicillin,0
Retinoic_acid,Betaine,0
Retinoic_acid,BETANIN,0
Retinoic_acid,Brilliant_blue_G,0
Retinoic_acid,Caffeic acid,1
Retinoic_acid,Capecitabine,0
Retinoic_acid,Carmin,0
Retinoic_acid,Chlorogenic acid,0
Retinoic_acid,Citric_acid,0
Retinoic_acid,Congo_red,0
Retinoic_acid,D_glucose,0
Retinoic_acid,D(-)-Tartaric acid,0
Retinoic_acid,Dopamine hydrochloride,0
Retinoic_acid,EGCG,0
Retinoic_acid,Evans_Blue,0
Retinoic_acid,Gallic_acid,0
Retinoic_acid,Glutathione,0
Retinoic_acid,Glycerol,0
Retinoic_acid,Glycyrrhizic_acid,0
Retinoic_acid,L_Ascorbic_acid,0
Retinoic_acid,L_Leucine,0
Retinoic_acid,Lamivudine,0
Retinoic_acid,Meglumine,0
Retinoic_acid,Metformin hydrochloride,0
Retinoic_acid,Methylene_Blue_trihydrate,0
Retinoic_acid,Naproxen_sodium,0
Retinoic_acid,Nicotinic_acid,0
Retinoic_acid,Potassium_sorbate,0
Retinoic_acid,Procyanidin,0
Retinoic_acid,SAFFLOWER YELLOW,0
Retinoic_acid,Salidroside,0
Retinoic_acid,Sorbitol,0
Retinoic_acid,Sucrose,0
Retinoic_acid,Tannic_acid,0
Retinoic_acid,Tartrazine,0
Retinoic_acid,Taurine,0
Retinoic_acid,Triethyl_citrate,0
Retinoic_acid,Vanillin,0
Retinoic_acid,Xylitol,0
Rotenone,4-(METHOXYCARBONYL)PHENYLBORONIC ACID,1
Rotenone,Alizarin_Red_S,1
Rotenone,Allura Red AC,0
Rotenone,Ampicillin,0
Rotenone,Betaine,0
Rotenone,BETANIN,0
Rotenone,Brilliant_blue_G,1
Rotenone,Caffeic acid,0
Rotenone,Capecitabine,0
Rotenone,Carmin,0
Rotenone,Chlorogenic acid,0
Rotenone,Citric_acid,0
Rotenone,Congo_red,1
Rotenone,D_glucose,0
Rotenone,D(-)-Tartaric acid,0
Rotenone,Dopamine hydrochloride,0
Rotenone,EGCG,0
Rotenone,Evans_Blue,1
Rotenone,Gallic_acid,0
Rotenone,Glutathione,0
Rotenone,Glycerol,1
Rotenone,Glycyrrhizic_acid,1
Rotenone,L_Ascorbic_acid,0
Rotenone,L_Leucine,0
Rotenone,Lamivudine,1
Rotenone,Meglumine,1
Rotenone,Metformin hydrochloride,0
Rotenone,Methylene_Blue_trihydrate,0
Rotenone,Naproxen_sodium,1
Rotenone,Nicotinic_acid,0
Rotenone,Potassium_sorbate,0
Rotenone,Procyanidin,1
Rotenone,SAFFLOWER YELLOW,1
Rotenone,Salidroside,0
Rotenone,Sorbitol,0
Rotenone,Sucrose,1
Rotenone,Tannic_acid,0
Rotenone,Tartrazine,0
Rotenone,Taurine,0
Rotenone,Triethyl_citrate,0
Rotenone,Vanillin,1
Rotenone,Xylitol,0
Sulfasalazine,4-(METHOXYCARBONYL)PHENYLBORONIC ACID,0
Sulfasalazine,Alizarin_Red_S,0
Sulfasalazine,Allura Red AC,0
Sulfasalazine,Ampicillin,0
Sulfasalazine,Betaine,0
Sulfasalazine,BETANIN,0
Sulfasalazine,Brilliant_blue_G,1
Sulfasalazine,Caffeic acid,0
Sulfasalazine,Capecitabine,0
Sulfasalazine,Carmin,0
Sulfasalazine,Chlorogenic acid,0
Sulfasalazine,Citric_acid,0
Sulfasalazine,Congo_red,1
Sulfasalazine,D_glucose,0
Sulfasalazine,D(-)-Tartaric acid,0
Sulfasalazine,Dopamine hydrochloride,0
Sulfasalazine,EGCG,0
Sulfasalazine,Gallic_acid,0
Sulfasalazine,Glutathione,0
Sulfasalazine,Glycerol,0
Sulfasalazine,Glycyrrhizic_acid,1
Sulfasalazine,L_Ascorbic_acid,0
Sulfasalazine,L_Leucine,0
Sulfasalazine,Lamivudine,0
Sulfasalazine,Meglumine,1
Sulfasalazine,Metformin hydrochloride,0
Sulfasalazine,Methylene_Blue_trihydrate,0
Sulfasalazine,Naproxen_sodium,0
Sulfasalazine,Nicotinic_acid,0
Sulfasalazine,Potassium_sorbate,0
Sulfasalazine,Procyanidin,0
Sulfasalazine,SAFFLOWER YELLOW,0
Sulfasalazine,Salidroside,0
Sulfasalazine,Sorbitol,0
Sulfasalazine,Sucrose,0
Sulfasalazine,Tannic_acid,0
Sulfasalazine,Tartrazine,0
Sulfasalazine,Taurine,0
Sulfasalazine,Triethyl_citrate,0
Sulfasalazine,Vanillin,0
Sulfasalazine,Xylitol,0
Sophoricoside,4-(METHOXYCARBONYL)PHENYLBORONIC ACID,0
Sophoricoside,Alizarin_Red_S,0
Sophoricoside,Allura Red AC,0
Sophoricoside,Ampicillin,0
Sophoricoside,Betaine,0
Sophoricoside,BETANIN,0
Sophoricoside,Brilliant_blue_G,0
Sophoricoside,Caffeic acid,0
Sophoricoside,Capecitabine,0
Sophoricoside,Carmin,0
Sophoricoside,Chlorogenic acid,0
Sophoricoside,Citric_acid,0
Sophoricoside,Congo_red,0
Sophoricoside,D_glucose,0
Sophoricoside,D(-)-Tartaric acid,0
Sophoricoside,Dopamine hydrochloride,0
Sophoricoside,EGCG,0
Sophoricoside,Evans_Blue,0
Sophoricoside,Gallic_acid,0
Sophoricoside,Glutathione,0
Sophoricoside,Glycerol,0
Sophoricoside,Glycyrrhizic_acid,0
Sophoricoside,L_Ascorbic_acid,0
Sophoricoside,L_Leucine,0
Sophoricoside,Lamivudine,0
Sophoricoside,Meglumine,0
Sophoricoside,Metformin hydrochloride,0
Sophoricoside,Methylene_Blue_trihydrate,1
Sophoricoside,Naproxen_sodium,0
Sophoricoside,Nicotinic_acid,0
Sophoricoside,Potassium_sorbate,0
Sophoricoside,Procyanidin,0
Sophoricoside,SAFFLOWER YELLOW,0
Sophoricoside,Salidroside,0
Sophoricoside,Sorbitol,0
Sophoricoside,Sucrose,0
Sophoricoside,Tannic_acid,0
Sophoricoside,Tartrazine,0
Sophoricoside,Taurine,0
Sophoricoside,Triethyl_citrate,0
Sophoricoside,Vanillin,0
Sophoricoside,Xylitol,0
Sorafenib,4-(METHOXYCARBONYL)PHENYLBORONIC ACID,0
Sorafenib,Alizarin_Red_S,1
Sorafenib,Allura Red AC,1
Sorafenib,Ampicillin,0
Sorafenib,Betaine,0
Sorafenib,BETANIN,1
Sorafenib,Brilliant_blue_G,1
Sorafenib,Caffeic acid,0
Sorafenib,Capecitabine,0
Sorafenib,Carmin,1
Sorafenib,Chlorogenic acid,0
Sorafenib,Citric_acid,1
Sorafenib,Congo_red,1
Sorafenib,D_glucose,0
Sorafenib,D(-)-Tartaric acid,1
Sorafenib,Dopamine hydrochloride,0
Sorafenib,EGCG,0
Sorafenib,Evans_Blue,1
Sorafenib,Gallic_acid,0
Sorafenib,Glutathione,0
Sorafenib,Glycerol,0
Sorafenib,Glycyrrhizic_acid,1
Sorafenib,L_Ascorbic_acid,0
Sorafenib,L_Leucine,1
Sorafenib,Lamivudine,1
Sorafenib,Meglumine,1
Sorafenib,Metformin hydrochloride,0
Sorafenib,Methylene_Blue_trihydrate,1
Sorafenib,Naproxen_sodium,1
Sorafenib,Nicotinic_acid,0
Sorafenib,Potassium_sorbate,1
Sorafenib,Procyanidin,1
Sorafenib,SAFFLOWER YELLOW,1
Sorafenib,Salidroside,1
Sorafenib,Sorbitol,0
Sorafenib,Sucrose,0
Sorafenib,Tannic_acid,0
Sorafenib,Tartrazine,1
Sorafenib,Taurine,0
Sorafenib,Triethyl_citrate,0
Sorafenib,Vanillin,0
Sorafenib,Xylitol,0
Silibinin,4-(METHOXYCARBONYL)PHENYLBORONIC ACID,0
Silibinin,Alizarin_Red_S,0
Silibinin,Allura Red AC,0
Silibinin,Ampicillin,0
Silibinin,Betaine,1
Silibinin,BETANIN,1
Silibinin,Brilliant_blue_G,1
Silibinin,Caffeic acid,0
Silibinin,Capecitabine,1
Silibinin,Carmin,0
Silibinin,Chlorogenic acid,0
Silibinin,Citric_acid,0
Silibinin,Congo_red,1
Silibinin,D_glucose,1
Silibinin,D(-)-Tartaric acid,0
Silibinin,Dopamine hydrochloride,0
Silibinin,EGCG,1
Silibinin,Evans_Blue,0
Silibinin,Gallic_acid,0
Silibinin,Glutathione,0
Silibinin,Glycerol,1
Silibinin,Glycyrrhizic_acid,0
Silibinin,L_Ascorbic_acid,0
Silibinin,L_Leucine,1
Silibinin,Lamivudine,0
Silibinin,Meglumine,0
Silibinin,Metformin hydrochloride,0
Silibinin,Methylene_Blue_trihydrate,0
Silibinin,Naproxen_sodium,1
Silibinin,Nicotinic_acid,0
Silibinin,Potassium_sorbate,0
Silibinin,Procyanidin,1
Silibinin,SAFFLOWER YELLOW,1
Silibinin,Salidroside,0
Silibinin,Sorbitol,0
Silibinin,Sucrose,0
Silibinin,Tannic_acid,0
Silibinin,Tartrazine,0
Silibinin,Taurine,0
Silibinin,Triethyl_citrate,0
Silibinin,Vanillin,0
Silibinin,Xylitol,0
Tamoxifen,4-(METHOXYCARBONYL)PHENYLBORONIC ACID,0
Tamoxifen,Alizarin_Red_S,1
Tamoxifen,Allura Red AC,0
Tamoxifen,Ampicillin,0
Tamoxifen,Betaine,1
Tamoxifen,BETANIN,0
Tamoxifen,Brilliant_blue_G,1
Tamoxifen,Caffeic acid,1
Tamoxifen,Capecitabine,1
Tamoxifen,Carmin,1
Tamoxifen,Chlorogenic acid,1
Tamoxifen,Citric_acid,0
Tamoxifen,Congo_red,0
Tamoxifen,D_glucose,1
Tamoxifen,D(-)-Tartaric acid,0
Tamoxifen,Dopamine hydrochloride,0
Tamoxifen,EGCG,1
Tamoxifen,Evans_Blue,1
Tamoxifen,Gallic_acid,1
Tamoxifen,Glutathione,1
Tamoxifen,Glycerol,0
Tamoxifen,Glycyrrhizic_acid,0
Tamoxifen,L_Ascorbic_acid,1
Tamoxifen,L_Leucine,0
Tamoxifen,Lamivudine,0
Tamoxifen,Meglumine,1
Tamoxifen,Metformin hydrochloride,0
Tamoxifen,Methylene_Blue_trihydrate,0
Tamoxifen,Naproxen_sodium,0
Tamoxifen,Nicotinic_acid,1
Tamoxifen,Potassium_sorbate,0
Tamoxifen,Procyanidin,0
Tamoxifen,SAFFLOWER YELLOW,0
Tamoxifen,Salidroside,1
Tamoxifen,Sorbitol,0
Tamoxifen,Sucrose,0
Tamoxifen,Tannic_acid,1
Tamoxifen,Tartrazine,0
Tamoxifen,Taurine,0
Tamoxifen,Triethyl_citrate,0
Tamoxifen,Vanillin,0
Tamoxifen,Xylitol,0
Taxol,4-(METHOXYCARBONYL)PHENYLBORONIC ACID,0
Taxol,Alizarin_Red_S,0
Taxol,Allura Red AC,0
Taxol,Ampicillin,0
Taxol,Betaine,0
Taxol,BETANIN,0
Taxol,Brilliant_blue_G,1
Taxol,Caffeic acid,0
Taxol,Capecitabine,0
Taxol,Carmin,0
Taxol,Chlorogenic acid,0
Taxol,Citric_acid,0
Taxol,Congo_red,1
Taxol,D_glucose,0
Taxol,D(-)-Tartaric acid,0
Taxol,Dopamine hydrochloride,0
Taxol,EGCG,0
Taxol,Evans_Blue,1
Taxol,Gallic_acid,0
Taxol,Glutathione,0
Taxol,Glycerol,0
Taxol,Glycyrrhizic_acid,1
Taxol,L_Ascorbic_acid,0
Taxol,L_Leucine,0
Taxol,Lamivudine,0
Taxol,Meglumine,0
Taxol,Metformin hydrochloride,0
Taxol,Methylene_Blue_trihydrate,0
Taxol,Naproxen_sodium,0
Taxol,Nicotinic_acid,0
Taxol,Potassium_sorbate,0
Taxol,Procyanidin,1
Taxol,SAFFLOWER YELLOW,0
Taxol,Salidroside,0
Taxol,Sorbitol,0
Taxol,Sucrose,0
Taxol,Tannic_acid,1
Taxol,Tartrazine,0
Taxol,Taurine,0
Taxol,Triethyl_citrate,0
Taxol,Vanillin,0
Taxol,Xylitol,0
Ursolic_acid,4-(METHOXYCARBONYL)PHENYLBORONIC ACID,0
Ursolic_acid,Alizarin_Red_S,0
Ursolic_acid,Allura Red AC,0
Ursolic_acid,Ampicillin,0
Ursolic_acid,Betaine,0
Ursolic_acid,BETANIN,0
Ursolic_acid,Brilliant_blue_G,1
Ursolic_acid,Caffeic acid,0
Ursolic_acid,Capecitabine,0
Ursolic_acid,Carmin,0
Ursolic_acid,Chlorogenic acid,0
Ursolic_acid,Citric_acid,0
Ursolic_acid,Congo_red,1
Ursolic_acid,D_glucose,0
Ursolic_acid,D(-)-Tartaric acid,0
Ursolic_acid,Dopamine hydrochloride,0
Ursolic_acid,EGCG,0
Ursolic_acid,Evans_Blue,1
Ursolic_acid,Gallic_acid,0
Ursolic_acid,Glutathione,0
Ursolic_acid,Glycerol,0
Ursolic_acid,Glycyrrhizic_acid,1
Ursolic_acid,L_Ascorbic_acid,0
Ursolic_acid,L_Leucine,0
Ursolic_acid,Lamivudine,0
Ursolic_acid,Meglumine,1
Ursolic_acid,Metformin hydrochloride,0
Ursolic_acid,Methylene_Blue_trihydrate,0
Ursolic_acid,Naproxen_sodium,0
Ursolic_acid,Nicotinic_acid,0
Ursolic_acid,Potassium_sorbate,0
Ursolic_acid,Procyanidin,1
Ursolic_acid,SAFFLOWER YELLOW,1
Ursolic_acid,Salidroside,0
Ursolic_acid,Sorbitol,0
Ursolic_acid,Sucrose,0
Ursolic_acid,Tannic_acid,1
Ursolic_acid,Tartrazine,0
Ursolic_acid,Taurine,0
Ursolic_acid,Triethyl_citrate,0
Ursolic_acid,Vanillin,0
Ursolic_acid,Xylitol,0
VES,4-(METHOXYCARBONYL)PHENYLBORONIC ACID,0
VES,Alizarin_Red_S,0
VES,Allura Red AC,0
VES,Ampicillin,0
VES,Betaine,0
VES,BETANIN,0
VES,Brilliant_blue_G,0
VES,Caffeic acid,0
VES,Capecitabine,0
VES,Carmin,0
VES,Chlorogenic acid,0
VES,Citric_acid,0
VES,Congo_red,0
VES,D_glucose,0
VES,D(-)-Tartaric acid,0
VES,Dopamine hydrochloride,0
VES,EGCG,0
VES,Evans_Blue,0
VES,Gallic_acid,0
VES,Glutathione,0
VES,Glycerol,0
VES,Glycyrrhizic_acid,0
VES,L_Ascorbic_acid,0
VES,L_Leucine,0
VES,Lamivudine,0
VES,Meglumine,1
VES,Metformin hydrochloride,0
VES,Methylene_Blue_trihydrate,0
VES,Naproxen_sodium,0
VES,Nicotinic_acid,0
VES,Potassium_sorbate,0
VES,Procyanidin,0
VES,SAFFLOWER YELLOW,0
VES,Salidroside,0
VES,Sorbitol,0
VES,Sucrose,0
VES,Tannic_acid,0
VES,Tartrazine,0
VES,Taurine,0
VES,Triethyl_citrate,0
VES,Vanillin,0
VES,Xylitol,0
